{
    "ACABADORA": "ACAB",
    "ADMINISTRADOR": "ADM",
    "ADMINISTRADORA": "ADM",
    "ADMINISTRAT": "ADM",
    "ADMINISTRATIVA": "ADM",
    "ADMINISTRATIVO": "ADM",
    "AGENTE": "AGT",
    "AJUDANTE": "AJTE",
    "ANALISTA": "AN",
    "ASSISTDIRETORI": "ASS DIRETORIA",
    "ASSIST DIRETORI": "ASS DIRETORIA",
    "ASSISISTENTE DIRETORIA": "ASS DIRETORIA",
    "ASSISTENTE DE RECURSOS HUMANOS": "ASSIST RH",
    "ASSISTENTE RECURSOS HUMANOS": "ASSIST RH",
    "ASSISTENTE": "ASS",
    "ASSUNTOS": "ASSUNT",
    "AUXILIAR": "AUX",
    "BLOCOS": "BL",
    "CALCULADORA": "CALC",
    "CLASSIFICADORA": "CLASS",
    "COMPUTACIONAL": "COMPUT",
    "CONSULTOR": "CONS",
    "CONSULTORA": "CONS",
    "CONTROLE": "CONT",
    "CONTROLADORA": "CONTR",
    "COORDENADOR": "COORD",
    "COORDENADOR(A)": "COORD",
    "COORDENADORA": "COORD",
    "DEPARTAMENTO": "DEP",
    "EMBALAGENS": "EMB",
    "ENCARREGADO": "ENC",
    "ENGENHEIRO": "ENG",
    "ESPECIALISTA": "ESPEC",
    "ESTOQUE": "EST",
    "ESTOQUISTA": "EST",
    "EXTERNO": "EXT",
    "GARANTIA": "GAR",
    "GERENTE": "GER",
    "INSPETOR": "INSP",
    "INTERNO": "INT",
    "JUNIOR": "JR",
    "MARKETING": "MKT",
    "MECANICO": "MEC",
    "MECATRONICA": "MECA",
    "OPERADOR": "OPER",
    "OPERADOR(A)": "OPER",
    "OPERADORA": "OPER",
    "PLENO": "PL",
    "POLIDOR": "POL",
    "PREPARADOR": "PREP",
    "PROCESSOS": "PROC",
    "QUALIDADE": "QUALID",
    "RECURSOS HUMANOS": "RH",
    "REGULATORIOS": "REG",
    "RESPONSAVEL": "RESP",
    "SENIOR": "SR",
    "SETOR": "SET",
    "SUPERVISOR": "SUPERV",
    "SUPERVISOR(A)": "SUPERV",
    "SUPORTE": "SUP",
    "TECNICA": "TEC",
    "TECNICO": "TEC",
    "TECNICO(A)": "TEC",
    "TELEMARKETING": "TLMKT",
    "TORNEIRO": "TORN",
    "TRABALHO": "TRAB",
    "VENDEDOR": "VEND",
    "VENDEDORA": "VEND"
}